{
    "name": "root",
    "gauges": {
        "RUN.Policy.Entropy.mean": {
            "value": 0.5912556648254395,
            "min": 0.5579491853713989,
            "max": 0.5930876731872559,
            "count": 8
        },
        "RUN.Policy.Entropy.sum": {
            "value": 29524.3515625,
            "min": 14821.919921875,
            "max": 29687.00390625,
            "count": 8
        },
        "RUN.Environment.EpisodeLength.mean": {
            "value": 61.085,
            "min": 52.16182572614108,
            "max": 63.736363636363635,
            "count": 8
        },
        "RUN.Environment.EpisodeLength.sum": {
            "value": 48868.0,
            "min": 25142.0,
            "max": 49579.0,
            "count": 8
        },
        "RUN.Step.mean": {
            "value": 3249962.0,
            "min": 2899973.0,
            "max": 3249962.0,
            "count": 8
        },
        "RUN.Step.sum": {
            "value": 3249962.0,
            "min": 2899973.0,
            "max": 3249962.0,
            "count": 8
        },
        "RUN.Policy.ExtrinsicValueEstimate.mean": {
            "value": -0.35166728496551514,
            "min": -0.3863931894302368,
            "max": -0.3506270945072174,
            "count": 8
        },
        "RUN.Policy.ExtrinsicValueEstimate.sum": {
            "value": -479.322509765625,
            "min": -537.9609375,
            "max": -295.9771728515625,
            "count": 8
        },
        "RUN.Environment.CumulativeReward.mean": {
            "value": -0.5820429254612678,
            "min": -0.6009857545493996,
            "max": -0.5615671253444193,
            "count": 8
        },
        "RUN.Environment.CumulativeReward.sum": {
            "value": -464.4702545180917,
            "min": -525.2470052496064,
            "max": -285.70140335150063,
            "count": 8
        },
        "RUN.Policy.ExtrinsicReward.mean": {
            "value": -0.5820429254612678,
            "min": -0.6009857545493996,
            "max": -0.5615671253444193,
            "count": 8
        },
        "RUN.Policy.ExtrinsicReward.sum": {
            "value": -464.4702545180917,
            "min": -525.2470052496064,
            "max": -285.70140335150063,
            "count": 8
        },
        "RUN.Losses.PolicyLoss.mean": {
            "value": 0.03578272025721769,
            "min": 0.032449922257413465,
            "max": 0.039281509479042145,
            "count": 8
        },
        "RUN.Losses.PolicyLoss.sum": {
            "value": 0.17891360128608844,
            "min": 0.07856301895808429,
            "max": 0.17891360128608844,
            "count": 8
        },
        "RUN.Losses.ValueLoss.mean": {
            "value": 0.004456826522946359,
            "min": 0.003781871655955911,
            "max": 0.007976779547364761,
            "count": 8
        },
        "RUN.Losses.ValueLoss.sum": {
            "value": 0.02228413261473179,
            "min": 0.015953559094729522,
            "max": 0.02589221178786829,
            "count": 8
        },
        "RUN.Policy.LearningRate.mean": {
            "value": 0.00020330226823258804,
            "min": 0.00020330226823258804,
            "max": 0.00021332545389152497,
            "count": 8
        },
        "RUN.Policy.LearningRate.sum": {
            "value": 0.0010165113411629402,
            "min": 0.00042665090778304995,
            "max": 0.0010612358062547802,
            "count": 8
        },
        "RUN.Policy.Epsilon.mean": {
            "value": 0.167767412,
            "min": 0.167767412,
            "max": 0.17110847499999998,
            "count": 8
        },
        "RUN.Policy.Epsilon.sum": {
            "value": 0.83883706,
            "min": 0.34221694999999996,
            "max": 0.85374522,
            "count": 8
        },
        "RUN.Policy.Beta.mean": {
            "value": 0.0033915938588000003,
            "min": 0.0033915938588000003,
            "max": 0.0035583129025,
            "count": 8
        },
        "RUN.Policy.Beta.sum": {
            "value": 0.016957969294,
            "min": 0.007116625805,
            "max": 0.017701886478,
            "count": 8
        },
        "RUN.IsTraining.mean": {
            "value": 1.0,
            "min": 1.0,
            "max": 1.0,
            "count": 8
        },
        "RUN.IsTraining.sum": {
            "value": 1.0,
            "min": 1.0,
            "max": 1.0,
            "count": 8
        }
    },
    "metadata": {
        "timer_format_version": "0.1.0",
        "start_time_seconds": "1773575902",
        "python_version": "3.10.12 (main, Mar  9 2026, 21:11:49) [GCC 15.2.1 20260209]",
        "command_line_arguments": "/home/wojtyla/ml/bin/mlagents-learn Turtle.yaml --run-id=run_agent --resume",
        "mlagents_version": "1.2.0.dev0",
        "mlagents_envs_version": "1.2.0.dev0",
        "communication_protocol_version": "1.5.0",
        "pytorch_version": "2.11.0.dev20260206+rocm7.0",
        "numpy_version": "1.23.5",
        "end_time_seconds": "1773576352"
    },
    "total": 449.9275674920009,
    "count": 1,
    "self": 0.0024586610015830956,
    "children": {
        "run_training.setup": {
            "total": 0.007748664998871391,
            "count": 1,
            "self": 0.007748664998871391
        },
        "TrainerController.start_learning": {
            "total": 449.91736016600044,
            "count": 1,
            "self": 0.30589925297681475,
            "children": {
                "TrainerController._reset_env": {
                    "total": 4.615939793999132,
                    "count": 1,
                    "self": 4.615939793999132
                },
                "TrainerController.advance": {
                    "total": 444.96964475102504,
                    "count": 29872,
                    "self": 0.26773741717443045,
                    "children": {
                        "env_step": {
                            "total": 392.68112925492096,
                            "count": 29872,
                            "self": 369.1088961570458,
                            "children": {
                                "SubprocessEnvManager._take_step": {
                                    "total": 23.390401774924612,
                                    "count": 29872,
                                    "self": 0.7998362530070153,
                                    "children": {
                                        "TorchPolicy.evaluate": {
                                            "total": 22.590565521917597,
                                            "count": 26001,
                                            "self": 22.590565521917597
                                        }
                                    }
                                },
                                "workers": {
                                    "total": 0.18183132295052928,
                                    "count": 29871,
                                    "self": 0.0,
                                    "children": {
                                        "worker_root": {
                                            "total": 446.3032075687788,
                                            "count": 29871,
                                            "is_parallel": true,
                                            "self": 97.0186871466376,
                                            "children": {
                                                "run_training.setup": {
                                                    "total": 0.0,
                                                    "count": 0,
                                                    "is_parallel": true,
                                                    "self": 0.0,